{
  "random_state": 42,
  "test_size": 0.2,
  "cv_folds": 5,
  "selected_model": "LinearSVM_tfidf",
  "n_train": 4135,
  "n_test": 1034,
  "test_metrics": {
    "accuracy": 0.988394584139265,
    "precision": 0.983739837398374,
    "recall": 0.9236641221374046,
    "f1": 0.952755905511811,
    "roc_auc": 0.9973540277108536
  },
  "confusion_matrix": [
    [
      901,
      2
    ],
    [
      10,
      121
    ]
  ],
  "risk_levels": [
    {
      "risk_level": "Strict (low-risk)",
      "threshold": 0.3,
      "TP": 124.0,
      "FP": 8.0,
      "FN": 7.0,
      "TN": 895.0,
      "precision": 0.9393939393939394,
      "recall": 0.9465648854961832,
      "f1": 0.9429657794676806,
      "accuracy": 0.9854932301740812
    },
    {
      "risk_level": "Balanced (medium-risk)",
      "threshold": 0.5,
      "TP": 121.0,
      "FP": 2.0,
      "FN": 10.0,
      "TN": 901.0,
      "precision": 0.983739837398374,
      "recall": 0.9236641221374046,
      "f1": 0.952755905511811,
      "accuracy": 0.988394584139265
    },
    {
      "risk_level": "Permissive (high-risk)",
      "threshold": 0.7,
      "TP": 118.0,
      "FP": 0.0,
      "FN": 13.0,
      "TN": 903.0,
      "precision": 1.0,
      "recall": 0.9007633587786259,
      "f1": 0.9477911646586346,
      "accuracy": 0.9874274661508704
    }
  ]
}